RecordID,Clothing ID,Age,Title,Review Text,Rating,Recommended IND,Division Name,Department Name,Class Name
0,886,39,,I bought this in black. it's a great long length. i have long arms so the sleeve length is great. it's really soft. only issue is seems to sag a little in the middle instead of being flowy. overall a good tunic.,3,1,General Petite,Tops,Knits
1,907,83,,"I purchased this sweater in the grey and loved it.
much prettier in person, the photos do not show the delicate details, which are lovely.
i found that it fits true to size and has a very flattering fit.
it is also a very versatile piece depending on what you pair it with.
i love it so much that i purchased the peach and wine colors as well.
i found all 3 colors beautiful and each gives this sweater a different look.
the grey is sophisticated and works well with almost anything.
the peach is del",5,1,General,Tops,Fine gauge
2,107,54,Great dress!!,"It is hard to believe that this is called a chemise! it is a fabulous dress! this dress caught my eye in the store and i had to try it on. i went with the navy, which is beautiful and has a great pattern. i had to order a petite xs because the regular xs was loose in my shoulder area. i am petite and narrow and 5'1"". the petite xs was perfect for me. it is quite form fitting and does show curves, lumps and bumps so i wore my dress with spanx tights. it was such an easy dress to wear, looked styl",5,1,Initmates,Intimate,Sleep
3,841,43,This blouse has lovely features,"The blouse is lightweight and is double layered, meaning a light layer over a lower layer. it's not bulky and not super flowy...just enough. i'm 5'1, a bit busty, and generally wear a m in retailer and this blouse fit great. it's figure flattering and not boxy. may be a tad short for taller women.",5,1,General,Tops,Blouses
4,1087,41,Sent it back,This runs super big and it just wasn't flattering--way too much fabric. i wanted to love this dress.,2,0,General Petite,Dresses,Dresses
5,836,36,Stunning!,"I knew i wanted this top the moment i saw it, so onto my wishlist it went until it went on sale! it fits beautifully in my normal size and i love that it already has a coordinating tank top. i get compliments whenever i wear it- think hd in paris might be my new go-to!",5,1,General Petite,Tops,Blouses
6,1096,39,"Lovely concept, lack of attention to detail","Lovely colors and print. my problem with this dress was that the bust was on the smaller side (it will fit those with a smaller chest nicely!), and worse, the beading on the bodice was attached with black thread, which showed through the sheer netting layer on top. 

for the price, this particular detail should have been addressed.",1,0,General,Dresses,Dresses
7,996,34,"Beautifully subtle, charming, & tad small waist","You've probably read through the other reviews, so i'll try not to repeat too much:
__________
pros:
- it is lightweight and flows beautifully, flattering every sort of shape and frame.
- the leather circles throughout are darling and seem to be fairly secure (some of mine were a bit bent upon receipt).
- the color is subtle yet not understated. it just works. not sheer, lining throughout that isn't itchy and some tulle on top of the lining to give it a bounce and fuller shape.
- color is more t",5,1,General Petite,Bottoms,Skirts
8,829,39,Great top!,"I love this top. i am 5'8"", 135, 36d, ordered a small and it fit perfectly. length is long, but i liked it. i paired it with grey jeans and black wedge boots...love this top!",5,1,General,Tops,Blouses
9,867,58,Classic but with an edge,"From the images, it looks like a basic black cardigan. look again because it's a beautiful fabric and can be dressed up or down. i'm 5""1 and always wear an xsmall at retailer however i thought it to wear over other articles vogue clothing i'd size up. it fits perfect i did an xsmall petite and couldn't be happier",5,1,General Petite,Tops,Knits
10,1047,37,Not for me,"I bought these in the blue. i sized down, as other reviewers mentioned, going for an xs. i'm 5'5"" and about 130lbs and would usually buy a small. at 5'5"" the length was too long for me, hitting me below my ankles, rather than how shown on the model. strike 1. then, i felt the material was pretty thin - strike 2. and lastly, they hung a little funny on me, rather than being a bit loose like jogging pants should be - strike 3. despite the great sale price, these went back!",3,1,General Petite,Bottoms,Pants
11,904,66,Great drape!,I love how this long sweater drapes. it's soft -feels great on - and looks fabulous over leggings or skinnys!,5,1,General Petite,Tops,Fine gauge
12,834,24,Romantic peasant top,"I bought this top in the black motif and it is easily one of my new go to tops. can wear it to brunch, work, and happy hours, it always looks good! such a great buy.",5,1,General,Tops,Blouses
13,1087,55,"A light, airy, fun & casual ""pocket"" dress!","This is a casual, flattering off the shoulder float dress with pockets! perfect for sunday brunch or a casual night out. and, as other reviews stated the fabric is lightweight but you cannot see anything through it, except perhaps a glance of the outline of your legs but that is it. definitely not a reason to not buy this adorable dress!",5,1,General Petite,Dresses,Dresses
14,876,66,,"I recently bought this blouse, the soft fabric drapes nicely and the stitching is wonderful. love it!",5,1,General,Tops,Knits
15,1078,57,Muddy color,The shade of orange was quite muddy and not vibrant like photos show. it's going back .,3,0,General,Dresses,Dresses
16,850,64,Summer beauty,"This blouse is easily one of the nicest i have bought in recent times. the quality is excellent, the design demonstrates that design and nature are extremely compatible. i have worn this blouse with jeans and in a more formal situation and with a little more jewelry, the blouse fits in perfectly anywhere. i highly recommend it.",5,1,General,Tops,Blouses
17,1037,34,,These jeans are so comfortable and they are made of the softest fabric. i love that they can be dressed up or down. love these!!,4,1,General Petite,Bottoms,Jeans
18,860,37,The perfect summer tee!,"I love this top! its so comfortable and light weight! it drapes beautifully, with an overall loose fit but a little slimmer at the bottom. so flattering! i only wish i bought them in every color before they ran out!",5,1,General Petite,Tops,Knits
19,921,25,"Love, love, but way too big!","I so wanted to keep this, but the xs was even too big. i usually take an xs/s petite and thought i could get away with the xs of this. it is just too big. so sad to be returning it, wish it came in an xxs or petite.",4,1,General,Tops,Sweaters
20,1035,38,I love them.,I actually love these jeans. i feel they run true to size. i actually love the button detailing at the bottom. makes them unique and different from the other jeans in my closet. i can wear them dressed up with heels or wear with sandals.,5,1,General,Bottoms,Jeans
21,793,66,Wide and long,"Been on the hunt for jammie's so gave these a shot. ordered my normal size large. fit well in the waist but i don't like the super wide legs. and they're too long. pretty color and pattern, however, the fabric isn't as soft or cozy as i hoped. i'm retired and wanted pajamas to lounge in all day. these missed the mark for me.",4,1,Initmates,Intimate,Sleep
22,830,66,Strange fit,"For a couple weeks, i debated making this purchase. in fear that my size would no longer be available, i ordered this lovely top. when it arrived, i was immediately disappointed with its colors...unlike the vibrant colors in the photo, the top's colors were dull...more a brown than orange and gray rather than lavender. had the fit been better, i would have kept this item despite of its color. it's cut weird! though it runs slightly large, i felt the top was ill fitted through the upper bust and",2,0,General Petite,Tops,Blouses
23,1116,34,Loved but had to return - twice!,"I loved this vest from the moment i saw it. sadly, though, it runs way too large. i first ordered it in a small and then an xs when it popped back. even the xs was too large around my shoulders and waist. the color was also a bit more beige than in the photos, which was ok, but i had to return it because of the size.",3,1,General Petite,Jackets,Outerwear
24,850,39,Pretty and feminine,"I tried it one bcasue it is on sale and i love it...too bad i don't need yet anothr black top. fit is loose/flowy, but the ruffles add a littl cahrm to the shirt. tried on regualr xs, i could proably go to petites though, but thankfully there is a button at the neck",5,1,General,Tops,Blouses
25,868,52,"Sloppy, shapeless, ginormous top","I sized way down and this top was still shapeless and tent-like. the sweatshirt fabric overpowered the cute, feminine details.",1,0,General Petite,Tops,Knits
26,1053,37,Love the fit and comfort,Bought these pants for a long trip through south east asia. tried them on at home and instantly fell in love with the relaxed yet styled look. will be incredibly versatile on my trip which i need as i am bringing only ~15 pounds of luggage including the bag. they seem breathable and are light weight. super flattering as they are slightly slimming and don't bunch up at the waste. i got the greenish color.,5,1,General,Bottoms,Pants
27,1084,37,Love but runs small in the shoulders and bust,"This is a heartbreaker! love this dress's colors, length, flow, beading, and style but its extremely tight in the shoulders and bust. hate to see it go back....",4,1,General,Dresses,Dresses
28,1110,56,Not a swing dress,"Not sure who named this dress, but it isn't a swing dress. it's a beautiful dress out of very soft fabric, with elegant embroidery design and pretty fringe detail. and pockets! i've worn this dress with tennis shoes, leather flip flops, and heels and been complimented each time. love this dress!",5,1,General,Dresses,Dresses
29,1096,48,Fabulous maxi dress,"I love this dress! i'm 5'5"", and it's just long enough to be dramatic and graze my feet without dragging on the ground with flat sandals. the print is lovely and the beading is subtle. as some have mentioned, the neck is high. it's definitely noticeable, but i didn't find it uncomfortable.",5,1,General Petite,Dresses,Dresses
30,823,53,Better in person,"I am going to have to disagree with the first reviewer. this is not the most beautiful top i have ever purchased from retailer, but i like it. it is a nice change from the swing silhouette that tendd to look like maternity wear on me. the key to this is to tighten the drawstring a bit. it is a working drawstring all the way around, and i find that the top is much cuter with the drawstring cinched a bit. i actually like the flowing arms, too. the fabric is lightweight - nice for the very warm midwe",4,1,General,Tops,Blouses
31,482,40,Little big in the armholes,"This dress had a nice silhouette, but the armholes were cut a bit wide and made it look sloppy- too bad - it would've made a nice casual dress!",3,0,Initmates,Intimate,Lounge
32,964,56,,"I love this vest, bought it in green and want to order white. its very flattering, and i wore it with a black tank top, ripped faded stevie cropped jeans, and gold gladiators. i would like to mention the care. i dripped something on the lapel, so i tried cleaning it off with a wet towel. it made a lighter mark, so i washed as recommended in cold water on gentle in the machine. i hung it to dry, and it dried stiff and a little wrinkled so i threw it in the dryer to soften it up. it lightened up a",5,1,General,Jackets,Jackets
33,834,41,Versitile classic,"I usually do not like three quarter sleeve shirts and i do not like tie necks of any sorts. this blouse has both and i love it! i loved it in pictures and, against my two dislikes listed above, i gave it a chance. i am glad i did. the shirt is lined in the body which means the white one is not see through...yey, no need for cami underneath! the lining also adds extra warmth as this is a very thin fabric shirt. the sleeves are loose enough so that the 3/4 length does not restrict me. the tie some",5,1,General,Tops,Blouses
34,936,28,So cozy! love it.,"I have a number of sweaters from moth, and they never disappoint. the ones made with this ultra soft and warm yarn are my favorite. i bought both colors :) i wear it with jeans or dressier clothes-- i'd say it's very versatile.",5,1,General Petite,Tops,Sweaters
35,1035,40,Great fit!,Super flattering! stretch a little with repeated wear but not as much as other pairs. i love these!!!,5,1,General,Bottoms,Jeans
36,605,36,Cute shorts for the length,"Hard to find longer shorts that i like. these are really cute. i thought from the pictures that the backside would be faded and lighter which i wasn't thrilled about, but willing to order and give a try. great to discover this is not the case- nice regular color on back and no fading. really cute shorts.",5,1,General,Bottoms,Shorts
37,873,34,Great tank just not for me,The sizing and length are great had it not been for my chest area. i sized up from my usual medium but the pleats create a maternity look for me unfortunately. it truly is a great tank top!,3,1,General,Tops,Knits
38,862,43,More beautiful in person,"This top is much more beautiful in person than in the photo. the embroidery is exquisite and there is the tiniest bit of sparkle amidst the design. soft, flowing and flattering. definitely a keeper.",5,1,General Petite,Tops,Knits
39,1078,44,The petite fits great,"Got the petite size. dress is swing style, so extra fabric is expected. can wear a nude bra or strapless. dress is beautiful in person, more so than online. very comfy and stands out without being flashy, just pretty and different. nice silk (matte, not shiny).",5,1,General,Dresses,Dresses
40,1081,33,Not what i expected,"It was quite a bit shorter on me than what it shows on the model who is the same height. the pull-on styling is a #fail as i could barely get my head through the neck opening! i was afraid it might rip a seam. the fabric seems low quality, like it would stretch out and degrade faster than others. overall, not the dress or quality i expected :/",2,0,General Petite,Dresses,Dresses
41,1094,45,Great fit!,"I needed a modest dress with sleeves for a few events, and when this went on sale, i thought it might fit the bill. it does, and at under $30, it was a no-brainer flattering fit, attractive, tts, and the gathers over the middle hide my mommy tummy. i like that i can wear a normal bra with it, too. i can see what other reviewers are saying about the weird feel of the fabric, but it doesn't bother me. this dress will work well for evening and winter events and i'm glad it's in my closet.",4,1,General Petite,Dresses,Dresses
42,214,70,,Did not notice small hole and stain on the bottoms until i had the tags removed the return label shredded.,3,0,Initmates,Intimate,Sleep
43,1068,45,Wow,"Love love this! i was hesitant to buy this at first - the reviews made it seem so big and i wasn't sure if it was my kind of outfit. but i wanted to try a jumpsuit and this was the perfect find! the xs was a typical retailer size for me, so the size was good in this, too. the color is fabulous and the fit is great. the rise is slightly short, but not a problem. i can't wait to where it for my next great event. i wish i could buy it in the black, too.",5,1,General Petite,Bottoms,Pants
44,1022,25,Obsessed w/ag stevies,"I love that these are a nice thin stretchy material (not in a bad or cheap way) because they are perfect for the warm weather as well. i got the color grey in a size 29. i usually wear a 29 in stevie's so they were tts. maybe a bit tight in the beginning but they do stretch a little with wear. i did try on the size 30 but they were a little big around the waist. for reference i am 5'6"", 145lbs, size 6/m. the fit of stevies are perfect and hugs in all the right places. i have wider calves and it",4,1,General,Bottoms,Jeans
45,897,36,Beautiful sweater,"I fell in love with this sweater as soon as i saw it. i was a little unsure what the quality would be like just from the photos, but i went ahead and ordered it and it is even more amazing in person. it's super soft and well made. it's also very warm even though it has such a large open weave. the price is definitely higher than i would normally pay, but this is a piece that will stay in your closet, and wardrobe rotation for years and years. definitely worth the investment. i agree with the pre",5,1,General,Tops,Fine gauge
46,1110,49,Another great summer style from hd,"This dress can be flattering on any figure type - but especially for women who need a little curve. i always wear a 6 in hd, and this fits nice and snug around the middle with a becoming flirty skirt that is lower in the back than front. flat chested women will have to fill it out with a padded bra. it may not be a great cut for a short person, as it has a long line to it and lots of busy-ness. only drawback, which depends on your taste, is the yellow pattern - it's a weird kind of greeny yellow",5,1,General Petite,Dresses,Dresses
47,873,37,Flattering fit,"Great top for all seasons. hides imperfections, flatters hourglass shapes. and great thickness/weight to fabric. i'm wearing it to a concert with skinny moto jeans and booties! side zip is excellent feature and great quality.",5,1,General,Tops,Knits
48,1020,46,Striped skirt,Wow! love this skirt! and i totally agree with reviewers--this item runs a full size small. i am normally a true six on bottom and it was a bit too tight considering i would wash/dry/shrink. the size eight is perfect. fabric is very good twill and forgiving... $19.95 and 40% off!!! cannot wait to wear my bargain skirt next summer!!!,5,1,General,Bottoms,Skirts
49,927,30,Super cute,"I ordered this a few weeks ago on major sale. im quite tall (5'11) so i went with the m/l to ensure that the length would work. its definitely long enough, almost a little too big, but i like the slouchy look. my only real complaint is that its a bit itchy. other than that i think its a great buy!",4,1,General Petite,Tops,Sweaters
50,844,66,Amazing,"Ordered this on a whim, in my normal size large, and so glad i did. it's just beautiful. the color is a tea stained white background with soft grey blue and cinnamon colored tiny flowers. it has a soft, fairy princess vibe that could be dressy or casual. the 3/4 sleeves have elastic. it just flows nicely over the body and isn't oversized like so many tops. there's a ruffle with a slight peplum in the back. it's a beauty.",5,1,General,Tops,Blouses
51,1078,39,"Cute, definitely needs to be belted","I'm a 36ddd, and have a bust about 42"" so when i tried this on in a size 12, i honestly didn't expect to be able to squeeze it on... and yet i had inches upon inches to spare in the bust. this really is built more like a tent than a dress. on the bright side though, if you belt it, and gather the extra material at the sides it'll define your waist and the skirt has lots of swing and flounce to it. i do love a line styles!! 

i found i had to roll up the sleeves otherwise the dress looked too s",4,1,General Petite,Dresses,Dresses
52,1092,41,Comfortable and fun!,When i saw this i had to have it! i was pleasantly surprised that i was actually able to go down a size (normally a l for the bust) but was able to get into the medium with some room across the chest. it drapes nicely and the inner liner is not tight but flows along with the dress. so many compliments each time i wear it!,5,1,General Petite,Dresses,Dresses
53,1078,47,"Light and airy, i feel like a fairy","I love this dress. it is the kind of dress that i dream about. the feel is young and carefree. typically i love swing dresses on the tall thin models pictured but when i try them on i simply look frumpy. this dress is an exception. i have the lilac version and the fabric color and pattern enhance the boho pixie fairy aesthetic. for reference i am 5'4"" 122 lbs...average build a little busty 34dd. only the 6 was in stock so that is the size i ordered even though i wanted to try the 4. the 6 has en",5,1,General Petite,Dresses,Dresses
54,867,51,So cute! but way too boxy,"I wish i had read the reviews before purchasing online. i love how this top looks online but when i tried on the small that i ordered, it was comical. so so boxy. literally, shaped like a square. it must be pinned back on this model. maybe if i ordered an xxxxs it would have worked...or perhaps for a larger person, it may look super cute!
just didn't work on my slim build. :(",2,0,General Petite,Tops,Knits
55,1054,33,Insanely adorable and comfortable!,"I saw this en route to the dressing room at an retailer store and picked it up to try on. despite the store only carrying this in petites, i tried it on anyway and didn't want to take it off! it's very wearable and comfortable. the sides have boning which keeps the fabric from riding up or down. i have a little postpartum tummy and the shape and pattern conceals that nicely. 

i'm 5'6, 160 lbs, and 36c. i typically wear a 10 and bought this in a 10p. the length, waist and bust fit perfectly.",5,1,General,Bottoms,Pants
56,862,59,Color is more a mauve rather than a light pink,"Perfect in every way- easy to wear-very feminine, comfy and goes with everything. only problem is color is not like picture. it is a mauve not a light pink. i still love this top and the color it camre in. brighten up with lipstick- necklace- earrings- whatever your pick. highly recommend. a winner!!!",5,1,General,Tops,Knits
57,1056,40,Get this pants stat!,"These pants are so perfect, i bought 3 pairs. perfect for casual friday's, a night out or the weekend.",5,1,General,Bottoms,Pants
58,1025,39,Size up,"I typically wear a 26 or 27 in jeans, had to size up to a 28 in these. the legs felt fine in the size 27, but the waistband was a bit tight, so i went with the 28s. i am 5'2"" 115lbs. i'll also be hemming or possibly just cutting these off, they are about 4 inches longer on me compared to the model pictured.",5,1,General,Bottoms,Jeans
59,995,33,Versatile summer skirt,"I am 5'3 and weigh around 150 and the medium fit me perfectly, hit me just below the knee cap. it's cotton/linen but not as prone to wrinkles as i thought it would be. it's double lined, made from a quality fabric. thicker but still very much breathable. will see how this holds up in kansas city's 95 degree summers but so far mid-80's it's been just fine. i'd definitely recommend this skirt. the only thing that this skirt is missing is pockets!",5,1,General,Bottoms,Skirts
60,1082,77,Perfect for hot days,I loved the dress way more in person than online. the fabric is very soft and it is quite beautiful. i wear a large in most retailer tops and a size 8/10 in dresses and the large fit perfect.,4,1,General Petite,Dresses,Dresses
61,1094,39,Sweet,"I have no where to wear this pretty spring time inspired dress.  fits just as pictured, except that i'm short.  i ordered the 10p so my 36dd chest and wide rib cage fit comfortably.  i'm saving this dress for easter or a fancy bridal shower.",5,1,General Petite,Dresses,Dresses
62,1110,51,A monet painting,"The fabric and cut of the dress is beautiful.  i am writing a review so i can share my experience regarding size. i ordered the dress in size 2, my normal size for this designer. it fit ok but was a little large in the bust area. for reference, i am a 34 a. i i returned it and ordered a size 0, which fits perfectly.",5,1,General,Dresses,Dresses
63,1004,59,Nice fall piece,"I just tried it on and it fits well, with no extra room. it seems like a nice fall piece to have in your wardrobe. the color leans more towards green. now i have to figure out what to put on top when i wear it!
i think it will be cute with boots.",4,1,General Petite,Bottoms,Skirts
64,818,38,Two strikes,"Two strikes against this top, and its going back. first, the white top is a light weight cotton... and it does not come with a lining or shell underneath. just know you will need one. i would have been able to get over that fact, since i have tanks i could have worn, but second strike is that it wrinkles. alot. it came out of the shipping box with the type of wrinkles that i know will get way worse after washing. i am not interested in ironing anything. for this price, i wouldn't have expected b",3,0,General,Tops,Blouses
65,1048,49,Love!,"I am so happy i decided to try this on in store. it is absolutely stunning! unfortunately they only had a m and it was a little too flowy so have the s ordered and anxious to try it on. the top is really where i am concerned it is too large. i am 5'3"", 36dd and 130#, athletic build. since you really cannot wear a bra with it, which is okay btw, the armholes were a little too open and afraid things may show ;). the bottom fit okay, a little on the large side but this should fit loose and flowy. c",5,1,General Petite,Bottoms,Pants
66,1022,31,A long last ; perfect leggings,"Can't say enough about these pants.
i often find leggings to be to revealing when wearing them with long but not long enough top. i have a longer torso so finding tops that hit this sweet spot is an issue for me. i also don't love long flowy tops with jeans all the time. the portions look all off and i look and feel heavy in my middle section.
cue these darlings! with out any buttons, zippers on the front your shirts will lay flat and crisp. i feel comfortable and appropriate at my causal work o",5,1,General,Bottoms,Jeans
67,1078,39,So in love,"The turquoise print is absolutely stunning. i love the feel of the fabric, the drape",5,1,General Petite,Dresses,Dresses
68,868,42,Perfect striped top,I love the loose vibe of this top. the bold stripes are super cute. i can dress this up or wear with jeans and sneakers. get this top ladies!,5,1,General,Tops,Knits
69,1022,47,I love these jeans!,These jeans are so comfortable. they are well-made. they are the perfect pair of jeans. the only thing i do not love is they stretch out a little bit after wearing. i am going to order these again in the next smaller size.,5,1,General,Bottoms,Jeans
70,1082,63,Beautiful!,"This dress is perfect, length right below the knee, white slip lining adds to quality, smocking fits upper body perfectly.",5,1,General,Dresses,Dresses
71,981,32,Cute vest,"Fun outerwear for the fall. the color is a bit more grey than the photo shows (at least on my screen), but i still think it'll go with a lot.",5,1,General Petite,Jackets,Jackets
72,933,66,Petite size is perfect!,"I am 5'4"" and the regular sweater i tried in the store was too long. i ordered the petite online and it is perfect! it's warm and comfortable and can be worn different ways which makes it great for stretching my wardrobe. love it!",5,1,General Petite,Tops,Sweaters
73,860,58,Female version of a polo shirt,"I ordered this in white. the material is similar to a polo shirt, which i hadn't counted on. it was also on the large size and just unflattering on me. still, the quality seemed to be good.",3,1,General,Tops,Knits
74,1095,50,Love this dress!,"I absolutely love this dress! very well made, fits like a glove, and very flattering! the fabric is stretchy which makes the fit perfect and comfortable. i will be wearing this to a graduation and i'm sure i'll find many other occasions to wear this dress.",5,1,General,Dresses,Dresses
75,993,47,"Gorgeous, must have skirt","I love this skirt. it is stylish and very comfortable. ladies, don't be afraid of wearing a pattern on the bottom. it is flattering and slimming. i wear it with a black wrap sweater or black cotton casual jacket.",5,1,General Petite,Bottoms,Skirts
76,860,64,So adorable!,"I ordered my usual size s in the purple print. this peplum top style, colors/pattern will go easily with pretty much anything.. shorts, pants, jeans & skirts. wear for casual or dress it up. for me the fit is tts. armholes provide good coverage & length is fine. the top has a bit of stretch & doesn't feel restrictive. the waist is banded & a little loose which is fine. don't like tight fitting waists on tops. i like that the waist seems a little lower than other peplum tops at retailer. the skirt",5,1,General,Tops,Knits
77,1078,56,I'm over 50 and over 150 lbs and love this dress!,"The large is perfect for me and is just my style - not too baggy but just shapely enough to where to the office with or without leggings, as the fall approaches. i bought the blue; the color is rich and saturated. the material is soft and all around comfortable, which is my number one factor in buying clothes. love its versatility too, since a jacket and scarf can dress it up. shoes also dress up or dress down the dress. all in all a bargain.",4,1,General,Dresses,Dresses
78,1078,30,"Ehhh... it's fine, i guess.","When you buy a dress full price and it goes on sale before you can even wear it ($168 down to $49) uuuuggghhh... i like the dress fine enough, but it has a weird under wire, it makes my chest look strange, like i don't fill it in. i usually don't have that problem as a c cup. more orange/red then yellow as well. wouldn't recommend.",3,0,General Petite,Dresses,Dresses
79,829,36,New favorite,"Love, love, love this top!!!  love the ruffled tiers at the bottom.  love the longer length. the top does indeed run large.  normally i'm between a medium and small but bought the xs.  love the pockets.  the orange color seems like a nicer fabric, and is versatile with both jeans and leggings.",5,1,General,Tops,Blouses
80,1094,44,"Love this dress, and so comfortable!","I just wore this dress tonight to my holiday party and received many compliments on it. it's so comfortable and even though the fabric is thick, it's not bulky or stiff like some embroidered fabric can be. and the side pockets make a great addition too. unlike other reviews, i thought the armholes were perfect. the cutout in the back is a nice touch, and i was able to wear a regular bra with it. the colors are beautiful and true to the pic, i was not surprised by the ""brightness"" of it like othe",5,1,General,Dresses,Dresses
81,1077,42,Disappointed,I found the fit of this dress odd. i typically wear a 6 or 8 in dresses. the 6 fit across the chest but the armholes were large so wearing a bra would be a challenge. i am a 34c so i need some type of support. i also thought the fabric was a bit flimsy for the price. i am a huge retailer fan and usually leave glowing reviews but sadly i left this one in the store.,2,0,General Petite,Dresses,Dresses
82,1078,24,Love but too baggy if petite,"I loved this dress and tried on the xs in the store and then ordered the petite. i thought if i ordered the petite it would not be as baggy. it is just way to boxy/baggy for someone my height and weight. however i would recommend to someone taller because the velvet is great quality and it would have been an amazing dress to have for fall and also for winter. for reference i am 5'0"" and weight 113 pounds.",3,1,General,Dresses,Dresses
83,836,33,Short,I also wanted to love this top but sadly had to return it because it is very short and the peplum piece is very wide. it was not flattering at all.,3,0,General Petite,Tops,Blouses
84,834,23,Beautiful top,In the photos i have a different tank underneath than the one that comes with the shirt. i am wearing a medium and for reference my measurements are 38-30-40.,4,1,General Petite,Tops,Blouses
85,1056,33,Color ruins easily,"I bought a pair of these a month ago and first time i washed them they came out with light spots all down the leg. i figured i did something wrong so i bought another pair in the same color and one in sage. just washed both pairs according to care instructions (no spills, stain remover, or anything but detergent) and both came out with light spots all down the leg. very sad to have wasted all that money.",1,0,General,Bottoms,Pants
86,949,55,Love this sweater!!!!!,"Omg i love this sweater. it is minimalistic yet romantic. my mother in-law bought this for me last may when she was visiting and one for herself. i saw it today at the store in white and i snatched it up. i will wear this for years. i did not see until now that is is meant to be worn with the ties in the back. i've been wearing it with the ties in the front. what a bonus that there are 2 ways to wear this wonderful sweater. i will wear these 2 pieces for many, many years.",5,1,General,Tops,Sweaters
87,1081,32,So soft,"I absolutely love this dress. it is super soft and flattering for my body type (petite and curvy). though, i wish it did come in petite, as the upper body part of the dress would fit a little better. but that didn't stop me from purchasing as that's an easy alteration. very flattering. love it.",5,1,General Petite,Dresses,Dresses
88,833,46,Stiff fabric,"I was so looking forward to receiving this in the mail! when it arrived, i was very disappointed. the color is more mauve than dusty pink, and the fabric is stiff and wrinkled.....not at all what i expect velvet to be (flowy and soft). the fabric seems very cheap for the price point.  i usually like floreat, but this one is headed right back to the store!",1,0,General,Tops,Blouses
89,870,65,,"A lovely sweatshirt with mesh front and back cover with soucotache (sp?) handwork, with a touch of sequins for some pop! the knit sleeves are thin, but the top has some weight due to the detailing on the front and back.

the fit is tts and as shown on the model. it lays comfortable but it's not really baggy.

really lovely. glad i bought one before it was sold out.",5,1,General,Tops,Knits
90,1078,33,,Beautiful dress! vibrant colors. fabric has a nice weight and drapes perfectly. 36 dd up top and the girls have plenty of space.,5,1,General,Dresses,Dresses
91,1082,51,Perfect dress,Love this dress! it can be worn in cold or warm weather with tights and boots or sandals and bare legs. the fit is roomy and a little longer in back. it washes nicely without losing length.,5,1,General,Dresses,Dresses
92,834,30,Great top for pregnant women:),I recently bought this top in both the black and blue motifs and love it! i'm currently 7 months pregnant and this top provides great coverage for the bump. i agree with another reviewer that noted that it is a little tight in the bust as i had to go up a size for that reason.,5,1,General,Tops,Blouses
93,832,54,Cute top,"I ordered this top because it was 100 percent cotton and a cute design. when it arrived, i thought it was a cute, different top, uniquely designed. when i tried it on, it looked like a had several extra rolls due to the ruching and was very unflattering. it reminded me of the michelin man wearing extra tires and i am of a thin build so i did not like the perception of rolls throughout the bodice. unfortunately, it did not work for me. i wish retailer would include more cotton tops in their collect",2,0,General,Tops,Blouses
94,1080,53,Not for me...,"I saw this dress in the catalog and on-line and it looked so lovely on the models. i took a chance and ordered it in my normal size small. when it arrived i was a little disappointed with the weight of the fabric, it was a bit light in my opinion. it did have an interesting texture, (suede like) so i could overlook the weight of the fabric if the dress fit well. unfortunately it did not, it rather just hung there and was not flattering on me. it looked wonderful on the model but i keep forgettin",4,0,General,Dresses,Dresses
95,1081,30,Love!,"Really happy with this tunic. at 5'2 i am able to wear this as a dress or a top (with a belt). it's comfy, light material, and can be dressed up or down.",5,1,General Petite,Dresses,Dresses
96,439,39,Versatile and flattering,"This is a very nice turtleneck. the variations in the ribbing are a modern (and flattering) touch. in some of the photos online it almost looked to me like there are color variations - fyi there are not. all the ribbing areas are the same shade of black.
----------
unless you are very small framed, i would recommend sizing up; or, if you typically wear a m or a l, go with the l. as reference i have wide shoulders (wider than my hips), large biceps, and a 34b chest, and i went with the l because",5,1,Initmates,Intimate,Layering
97,907,41,Pretty sweater,This sweater is quite lovely. the yarn is light and delicate and the sweater is over all very feminine and figure flattering. i bought the light red color which is quite attractive and i'm not usually a fan of reds and pinks. this sweater can be worn casually with jeans or more dressed up for the office. anyone that is looking for a sweater that can be worn with almost anything should defiantly consider this one.,5,1,General,Tops,Fine gauge
98,820,61,,"The fabric is a little stiff, the back looks unusually long compared to the front, and it fits tight across the chest. and i'm not busty so that's not a factor.",1,0,General Petite,Tops,Blouses
99,169,27,Not as thick as you think,"I was expecting these to be the normal thickness of everyday leggings, plus fleece. instead, they're more like thicker-than-average tights. still warm, though there's a weird seam on the inside of the thighs that takes away from some of the comfort. not so bad that i want to return them, but not what i was hoping for, either.",4,1,Initmates,Intimate,Legwear
100,975,37,,"This jacket fits just a tad big, but it's quite comfortable. it's the perfect touch to dress up jeans! i've gotten lots of compliments.",4,1,General,Jackets,Jackets
101,662,53,Lovely dress,I saw this dress in the window in the santa barbara store and fell in love with it! it is described as a robe in one post i saw but i think it looks so much more like a great fall/winter maxi. in the window display it was paired with a cognac leather belt which made it look even better.,5,1,Initmates,Intimate,Lounge
102,867,50,Very easy to wear,"The material is soft (maybe not the best quality) and the cut is easy to wear. i have both colors and love them...they wash nicely and i like the ""baseball"" cut at the bottom. i especially like the print at the neck line...very cute and feminine.",5,1,General,Tops,Knits
103,1078,39,Cute and comfortable,"This dress arrived today, and it is both flattering and comfortable. i am just a smidge under 5'4"", and i ordered a regular xs. in the front, it hit me about 3"" above the knee. it is office appropriate for a business casual environment. the red was deeper in color than i expected (it seemed a little ""brighter"" on my monitor), but this is no problem for me; it is still a great color. i tried it with clogs, knee boots and ankle boots - all really cute. and, as and added bonus, it looks good with b",5,1,General Petite,Dresses,Dresses
104,223,56,Nice warm tights,"These tights have a nice pattern and color. they look just like the photograph. they are warm and because they are warm they have wool in them and they are a little itchy. but, that's the price you pay for warmth. i own several pairs of retailer tights and love the patterns (foxes, scotty dogs, and now trees). .",4,1,Initmates,Intimate,Legwear
105,895,57,Nancydee,"Love this sweater!  lightweight, comfy and does run large.   i usually wear a size 12 or l/xl in sweaters cause i don&#39;t like them to fit tight.  i read reviews and ordered a medium and it&#39;s perfect!  can&#39;t go wrong!  i ordered the red, but am now thinking of ordering the grey one!",5,1,General,Tops,Fine gauge
106,824,51,Very pink,On my screen this looked like burnt oranges were mixed with pink but this was all pink & very washed put pinks - looked awful on me as brunette. maybe will work for someone who likes pastels. overall style was also disappointing- just hung. this went back.,2,0,General,Tops,Blouses
107,880,39,Too much fabric,"I saw the shirt at my local retailer store and loved the color and print; however, the shirt had way too much fabric!  i was swimming in it.  it was not flattering whatsoever.  plus, it's overpriced for a shirt.  i'm sadly returning it.",3,0,General,Tops,Knits
108,861,39,Cute enough,"As far as t-shirts go, this one is fun, i love the lace up detail in the back. the xs regular fit nicely (115 lbs, 30dd), the shirt flares out (swing), so it can be a little much on the smaller gals, but it was ok enough on me that the stylist decided to try it on too. the orange color was pretty, but i decided to pass as i have a lot of orange tops... and that is the color that was most flattering on my skin. amterial is on the thinner side and a little tiny sheer, must be the trend...",4,1,General,Tops,Knits
109,950,31,Beautiful but fit awkwardly,"Beautiful detail and soft sweater. i ordered a medium and the toro so fit well but was short. arms were long and baggy in comparison. given the fit, i didn't think the small would work. really wanted this to work but unfortunately it is going back.",3,0,General,Tops,Sweaters
110,850,60,Beautiful basic for mild fall weather,"Unfortunately, i am not toned enough to truly show off this beautiful blouse. armholes are cut in a bit too far for my 60 year old arms. was hoping for a pop of color as a basic sleeveless top to layer under sweaters and jackets for traveling, but the neckline wasn't layering as i had hoped. i am only 5'2"" but want a bit more length.
i think this blouse is best worn uncovered as shown, on a toned body that does not require the longer length i prefer. seems to be well made, sadly i must return.",4,1,General Petite,Tops,Blouses
111,927,68,A/c is running,"Received december 23 and 83 degrees in louisiana but weather can change from hot to cold in an hour. this sweater is so soft, so cozy, i'm ready to run the air conditioning! beautiful styling, well-made, and has a generous fit that you may or may not prefer. this will be one of my very favorite garments . luxurious, and i deserve it. i ordered a large, have long arms, and the sleeves do come over hand as shown in photo. it is very loose and flows over my jeans. i am an extremely difficult to ple",5,1,General,Tops,Sweaters
112,823,35,Love this top,"This top is so much prettier on. you can dress it up or down. it does run a tad large. i'm 5'7"" and 145 lbs. i am usually in between a small and medium but usually a medium. i went for the small on this and i loved the fit of it. still pretty flowy and the medium would have been just too big. it is a tunic so it runs kind of long. a tiny bit too long for me but i will still wear it a lot.",4,1,General,Tops,Blouses
113,927,55,Super cute,"Was excited to find an retailer pkg awaiting in my mailbox. ripped open the package and immediately tried on the sweater. it did not disappoint. i bought turquoise in size medium. my regular retailer cardigan size. i am 5'3"" medium build and i find the regular size fits me true to size. it isn't too long on me at all. i think the way the sweater drapes in a curve shape as it flows downs to the length of sweater makes it very accommodating for various heights, figures and is a flattering style for cu",5,1,General,Tops,Sweaters
114,860,23,Gorgeous tunic,This top caught my eye in the store due to the beautiful print and lovely fabric. the photo really doesn't do it justice. i happened to have on a pencil skirt when i tried it on and the top looked great with my skirt though i will probably wear it more often with jeans or pants. it's a stunner!,5,1,General,Tops,Knits
115,785,66,Not what i expected,"I gulped when i put this in my bag during retailer days because the price was still too much but thought this has to be wonderful to charge so much, right? boy was i wrong. this is a sweater knit with a very deep v-neck that's incredibly boxy and unattractive. the knit shed all over my pants in the few minutes i had it on. i ordered in xl, having never tried this designer and that was a mistake because i generally wear large or medium. it was swimming on me. the stripes aren't as cute in real life",2,1,Initmates,Intimate,Sleep
116,1083,27,I don't understand this dress,"While i thought it looked really pretty on the hanger, when i tried it on it just felt like a mess. perhaps it suits other personalities and bodies. i hated that the zipper was in the front; i personally find it tacky and gawdy. while the patterns are pretty, the material felt like some weird fabric wallpaper and i didn't see how the price was justified with how the material felt cheap to me.",2,0,General,Dresses,Dresses
117,573,51,,This dress is very pretty and would be nice for a summer wedding. you will need to go braless or wear a strapless bra. i am sending it back because as it runs very small. i am a 34a and the size 2 was too snug across the top.,4,1,General Petite,Trend,Trend
118,838,65,If you love cotton and feminine details...,"This is the kind of blouse you want at your reach when dressing on a humid day. cotton enhanced with beautiful detail. a very classic timeless, ageless piece. i bought the medium, which fits perfectly (size 8 top, 34f). my only ding is that the neck opening should be stitched less deep; there is a gap. funny thing is that, in the photo, the model's blouse is pinned exactly where i'm talking about. i didn't take off a star because i had a dressmaker fix the problem, but this was annoying. i wore",5,1,General,Tops,Blouses
119,965,34,Great little light cardigan,"I honestly liked this little cardigan. it is a misnomer as a jacket. it really is more of a light sweater/cardigan, but i didn't have any negative issues like others on here.
________
pros:
- great feel on the skin and fabric. this really caught my attention. hard to find a sweater that's breathable for cool summer evenings or mornings.
- color scheme will go with anything, elegant touch.
- unlined making it breathable.
- runs large, forgiving it. stretchy. i'm normally a size 10/12 (m/l)",4,1,General,Jackets,Jackets
120,822,60,,"Lovely summer top, comfortable and cool for hot summer days. beautiful fabric, fits tts. highly recommend.",5,1,General Petite,Tops,Blouses
121,833,38,Gorgeous blouse; runs small,"I'm a size xl, so my review might not apply to all people. i purchase my retailer tops in size xl and sometimes they fit great and sometimes they don't. when i put this top on it looked like i was wearing an open cardigan; nowhere near buttoning. i have some sewing experience, so i removed all 4 box pleats which gave me an additional 8 inches of fabric. after doing this i was able to easily button up the blouse and have it lay nicely. but i literally needed that extra 8 inches of fabric in the mid",4,1,General,Tops,Blouses
122,862,38,,"This top is so lovely. the fabric is thick and soft, and the drape is phenomenal. i did size down based on reviews, i typically wear a large and the medium is perfect, nice and flowy and very flattering.",5,1,General Petite,Tops,Knits
123,1094,32,Great basic dress!,This dress is very versatile and flattering on-- i've already worn it out to casual cocktails with friends twice since i've gotten it. i'm 5'3 and 125 lbs and the 4 petite worked perfectly on me.,5,1,General,Dresses,Dresses
124,829,53,Great blouse!,"This blouse combines two things i love - swing tops and bows. just received this and am very pleased. the blue version is very pretty. i recently purchased another top by the same brand and ordered a 6. for this, i ordered a small and am glad i did. i would suggest ordering your regular size (the top is fitted, the bottom is very fluid).",5,1,General Petite,Tops,Blouses
125,895,33,Sophisticated yet simple,"This cardigan can be dressed up with leggings and booties or dressed down with jeans and chucks. i love the fit of the small (5''3"" and small/medium build). would highly recommend for a dinner out or lounging around at home.",5,1,General Petite,Tops,Fine gauge
126,880,56,Excellent top,This is an adorable top. i purchased both the green and the blue. the colors and look are so much nicer than the photos of it. this is a stock up item.,5,1,General,Tops,Knits
127,829,36,Cute,Cute top. not sure about the tassels at the sleeves. very flattering in the waist area.,4,1,General,Tops,Blouses
128,835,49,Stunning color,Love this blouse! the color is really unique and love the back button detail. i dont think the white buttons look cheap at all as another person pointed out - they add a lot to an already beautiful top. can't wait to wear it!,5,1,General,Tops,Blouses
129,862,23,"Gorgeous, more detail than shown","This tee is such a staple for me. i bought it in the green and it is such an elegant deep emerald. the perfect shade. the shirt has some detail that is not shown - there is stitching/seaming along the side in the front and back that give the shirt a good structure. the shirt also has a great weight to it. the knit is sort of a vertically ribbed knit but thicker than a classic ribbed tank top. the edges of the material are also open, almost-frayed edges. the additional detail on this shirt defini",5,1,General Petite,Tops,Knits
130,872,31,Circus tent,"I love the idea of this top, but there is just way too much fabric involved in person! i'm 5'2 and usually wear a small or medium to accommodate a fuller chest. i ordered a small and it fit fine around the chest but the huge swing hem combined with the slightly stiff fabric is just enormously unflattering. i feel like they could have made about 3 shirts out of it. i think the picture must have it pinned a ton in the back, the silhouette is nothing like shown. if there were just less fabric, i wo",1,0,General Petite,Tops,Knits
131,1123,47,Adorable jacket!,"I need to remember that this brand runs small. i ordered the xxsp and i usually have a little room with jacket, but this fits snug. i have one from last year and it's the same. fits snug. if you want extra room, order a size up. the quality is nice, i love the camel brown color. it's a keeper for me, just won't be able to wear a sweater under it.",4,1,General,Jackets,Outerwear
132,907,35,Feminine sweater,"Super cute in raspberry and very flattering! i paired it with the reversible tank in dark gray, skinny jeans and fringe boots.",5,1,General,Tops,Fine gauge
133,825,46,"Xl fits small, light blue is pretty","I ordered the white and the light blue in size xl. both are cut much smaller than is typical for my other retailer xl blouses. everything the first reviewer wrote is true. the photos of the white top show a detailed back when it is plain (like the blue). the back is just a solid, kind of slippery material. it's strange because it's not see-through in the back but you need to wear a tank/cami for the front. so, it makes the shirt that much tighter since you need to have the extra layer. 

i would",2,0,General,Tops,Blouses
134,1131,24,A coat with a great silhouette and personality,I love this coat. it was a great purchase and i would reccomend it to others. it looks great with layers and is comfortable for 30-50 degree temps. definitely size down when buying.,5,1,General Petite,Jackets,Outerwear
135,1077,61,Comfy and flattering,"Bought this to wear to desert trip this weekend when we see the stones, dylan, mccartney, who, roger walters and neil young. think its the perfect outfit as it definitely has an 80's feel, now if only i had a pair of brown or teal boots, it would be perfect. i'll keep hunting~",5,1,General Petite,Dresses,Dresses
136,1094,53,Loved in theory,"I just tried on this dress in the store, in red, and i loved the off the shoulder design. the color is just as pictured online (a light poppy red). the neckline began a few inches below my collarbone and was super flattering. however, the skirt portion of this dress flared awkwardly at the hips, causing my hips to look much wider than they really are (and also disturbing the otherwise clean lines of the dress). it seemed to me that there was too much fabric at the back portion of the skirt than",3,0,General,Dresses,Dresses
137,942,39,Beautiful sweater,"My new favorite. i purchased the ivory in a medium, and the lilac in a large when it went on sale (medium was already sold out). i'm 5'7"" and about 125 pounds, 34c give or take. the medium fits great, and i found the large only slightly bigger, but it does not look too big. i usually wear a small or medium in most retailer sweaters.
as was previously noted, the back is cut higher than pictured. i actually like this, as it gives the sweater a unique look. i tend to layer with a button down for the",5,1,General,Tops,Sweaters
138,994,58,,"So i was super excited to get this skirt, unfortunately it's not what i thought it would be. the color is much different then what pictured, it has bronze threading and the black on the picture is more gray in real life. the material isn't so great easier, i thought it would be thicker but instead it's pretty thin and wrinkles easy. the design is very cute and it is a flattering shape but the material is just too poor for me to give this a good rating. i wouldn't say it's itchy like the other re",3,0,General,Bottoms,Skirts
139,1082,32,,"It is a pretty dress but runs large, i usually wear small and i ordered a regular xs because they are out of petite... it fits and since i am pregnant it works but it is a little large around the waist...
the lace is beautiful and the quality is amazing",4,1,General,Dresses,Dresses
140,1116,54,Cute but super small,I really love this sweater. i normally wear an 8 and bought a 12. even it is a little snug. but it really is very cute! can't wait to wear it with black leggings and boots.,4,1,General,Jackets,Outerwear
141,1035,47,Disappointed,"Although i bought 2 sizes down from my regular size, they were still big and, made my derriere look flat. i would have kept them as weekend kick-around jeans, but the flat behind just made them a must return.",3,0,General Petite,Bottoms,Jeans
142,936,69,"Fantastic piece - very timeless, great color","I love this, just bought it and so glad i did. really want to wear it out, so hopefully the weather will cool down soon since i am in the south and we are experiencing an extremely warm winter. regardless, it will be with me a long time...so if i don't use it this season, i will eventually as it is timeless and goes with anything.",5,1,General,Tops,Sweaters
143,868,34,Nice shirt but runs wide,"I chose to ignore the other reviews saying this shirt was too wide thinking that my wider shoulders would fill it out, but that's not the case. the shirt is adorable and soft and cute on, but just too wide around the armpit/chest area and with the horizontal stripes it just didn't look attractive. i would love to try the next size down to see if it works, but the black and white xxs is sold out so back it went. i am only 5'4"" with a shorter torso so the length was fine for me.",4,1,General,Tops,Knits
144,862,40,,I love this top. i wear it all the time.  the problem is that you can tell i wear it all the time as the fabric has started to fade.  i'd still recommend it as it is so comfortable.,5,1,General,Tops,Knits
145,828,54,Soft light fabric,"This is a great summer shirt that will also transition into the fall. it is 100% rayon, so flows beautifully and feels really soft and cool against your skin. it is also washable. i think it looks much better in person than online.
i opted to have a snap added just above the top button which makes the shirt stay more closed and even-looking, as it tended to gap slightly at the top..
for reference, i am 5'5"", 125 lb., but have broad shoulders, making my usual best size a medium in most tops and",5,1,General,Tops,Blouses
146,206,39,Can't resist hot air balloons!,"I am powerless to resist hot air balloons and had to get these the moment they popped up! the pjs are charming and comfortable. the material feels very satiny. it's hard to tell, but there are small white dots in the midst of the champagne colored background. true to size.",5,1,Initmates,Intimate,Sleep
147,1081,25,Versatile dress,"Wearing this dress for the first time now, and i love it! soft material, comfortable, and easy to dress up or dress down, making it good for all kinds of different occasions.

i was a bit nervous about the initial purchase due to other reviews saying this dress isn't great for pear shapes, but i whole-heartedly disagree! i think it actually just needs a belt for those of us with particularly curvy figures - i'm wearing a belt around my natural waist, and have bloused out the top and it looks g",5,1,General Petite,Dresses,Dresses
148,1094,38,Looks better on,"This dress looked ok in the hanger, but oh my on was so much better. quality is great, i love the fabric and that it has pockets.
i'm 5'8 and normally a ddd usually a large too...so i worried about the size - the medium fits great everywhere",5,1,General,Dresses,Dresses
149,478,29,,"The embroidery and side zip were well constructed. the fabric holds onto wrinkles and creases, so after a period of sitting, there are several creases pointing to one's crotch area. this isn't too noticeable, but definitely makes this a more informal garment.",4,1,General,Bottoms,Shorts
150,882,66,Cute!,"This is a great tee. true to size, i ordered the large and it skims nicely over my hips. it has lovely quirky design features in the back and pinkish cross stitches on the sleeves and shoulders. i got the blue and it looks just like the pic. great weight for the rest of summer into fall. perfect addition to my casual life style.",5,1,General,Tops,Knits
151,1095,49,Confusing design,"This dress has a unique watercolor-like pattern and design and is silk, but as another reviewer mentioned it is unlined so you probably would want to add your own slip. the side slits come up high, almost to the hip. i am 5'1"" and bought the petite xs and it comes all the way down to my toes if i don't wear a belt. if i belt it, the length is more like one would expect from a maxi dress. i am a little puzzled as to where i would wear this because the length and fancy sleeves make it seem more fo",3,1,General Petite,Dresses,Dresses
152,863,26,,"This t shirt is huge. i am 5' tall, size xs and i am swimming in this xs. i'm trying a size down. it is meant to be oversized but this is extreme.",4,1,General,Tops,Knits
153,867,46,Didn't love the fit.,"I'm tall (5'11"" and busty) and found this top to run on the short side. as others have said, the material is soft and stretchy, but the rouching created a bit of a bulky look. i returned it.",3,0,General,Tops,Knits
154,873,54,"Cute front pattern, flares too much in the back","I wanted to really love this because it's a bit more styled than a plain tank, but the front and back both poof out and i felt like i was wearing a maternity top. just didn't do my body any justice....loved the top and that part fit great, but the bottom part was too poofy and sadly not a good look at all on me.",4,1,General,Tops,Knits
155,829,53,Very elegant!,"I wore this top right out of the package i loved it so much. i am 5'8"" small busted and size 4 was great. the sleeves hit me perfectly. the pleated detail in the back is flattering as well. my daughter now wants her own top. it would be nice to have a second color option.",5,1,General,Tops,Blouses
156,945,75,Better in person than photo,"I love hand knit sweaters. they look expensive. this sweater is pricey and i shied away from the original price. at the reduced price, it is worth it. my sweater is bright blue and pure white so not sure what other reviewer got. however, it is itchy. i admit that i have somewhat sensitive skin so if i cannot wear a silk layer under it, or find a way to make it less itchy on me, i will have to reluctantly return it. i normally wear large but the medium fit fine.",4,1,General,Tops,Sweaters
157,1081,30,Easy peasy,What a great find! this is so easy to dress up or down and a very comfortable fit and fabric. the skirt fabric is pretty form fitting so not something i can comfortably wear to work but it's a versatile piece otherwise. the buttons on the sleeve are a nice touch.,5,1,General,Dresses,Dresses
158,621,32,,Love the dress but ended up returning it as i'm not sure how often i would wear it. the only down fall is the dress is straight so you have to take smaller steps but stunning dress!!!,5,1,General Petite,Intimate,Lounge
159,1022,49,,"I loved these when i first got them. they fit perfectly and are the softest and most comfortable pair of cords i've ever owned. plus ag is the only brand of jeans i buy. unfortunately, they stretch out horribly within one wearing. for such a pricey pair of cords, i'm extremely disappointed. i'm not sure if i should've sized down, but now i'm wishing i had, although i'm not sure that would make a difference.",3,0,General,Bottoms,Jeans
160,975,69,Love! its so versatile!,I was so surprised by this jacket! i grabbed it as a last minute thought and then when i tried it on i was in love! i have a pink dress i'm going to wear it over but i also love it over a frilly off white tank or even just over a basic t. i am so excited for cooler weather. be warned its not lined or warm. its more of a shirt than a true jacket but it's perfect for fall in california. i wear a small or m and went with a medium on this one.,5,1,General Petite,Jackets,Jackets
161,836,39,Gorgeous!,This top is gorgeous! the print is lovely and the material and cut are well constructed. can't wait to wear!,5,1,General Petite,Tops,Blouses
162,1077,33,Perfect for bump :),I bought this dress to wear to work in my second trimester. the shape is perfect to accommodate a baby bump while still flattering the top. definitely recommend for any pregnant women trying to avoid true maternity clothes!,4,1,General,Dresses,Dresses
163,1094,30,Beautiful colors,"I love the overall look and feel of the dress. my only complaint is that it was shorter and lower cut in person than it looked on the model and i'm not tall. i ordered a small and i'm 5""4 130 lbs bottom heavy. the skirt is perfectly flowy and hides my problem areas really well; however, i will need to wear a camisole with it to hide cleavage that will show otherwise.",4,1,General,Dresses,Dresses
164,1097,33,,Lovely color and really nice fabric. not much form to the dress but will be lovely with a belt or jacket.,4,1,General,Dresses,Dresses
165,862,42,Too big!,"I wear a size 4 and i ordered the small for this top. it is huge and gave me a maternity-look that i wasn't going for. i was hoping for a loose, body-skimming fit as shown on the model in the picture but that wasn't happening with this top.",3,0,General,Tops,Knits
166,1080,22,"Spandex, not tweed dress","I was so excited to receive this dress only to come find out that it was not tweed, not the same colors as the picture, spandex material, the fit runs smaller than most of their dresses and the sleeves are capped. i love retailer and prefer their clothes above all other brands but i was extremely disappointed in this dress.",1,0,General,Dresses,Dresses
167,1086,44,Hem difficult to judge...,"At 5'4"" i typically order petite clothing...i was unsure of this dress/tunic-shirt from the photos online, the reviews and the hi/low hem. i ordered xs and pxs (about 118#). both fit as far as shoulders and through the body but the pxs was way too short on me to wear as a dress without any leggings. the length of the regular xs works great and i feel is appropriate for someone my age! it is buttery soft and so comfortable. i ordered the suede wrap belt to go with it. also, the sleeves are too ti",4,1,General,Dresses,Dresses
168,1033,34,Great pants,These are awesome! i have the pink which is a very light faded sort of color. they are beautiful and very nice quality. they are slimmer and stretchier then i imagined but very flattering.,5,1,General,Bottoms,Jeans
169,868,36,Too short tunic,I really wanted to love this top. love the mix of fabrics and patterns. but it is too short for a tunic length. i should have paid attention to other reviews. i'm about 5'8'' and was not too tight in the bust and shoulders.i have to return because the length isn't right.,3,0,General,Tops,Knits
170,1075,37,Love it. stylish but comfortable and low key,This dress runs large so i sized down. when it arrived i looked at it and thought the fabric was ugly and boring for a dress. it sat there for about two weeks till i tried it on. i love it! it is so comfortable and is so cute how the pockets hang. all it need is some long necklaces or a scarf to complete the look. i get complements on it everytime i wear it. my only complaint is that it peels under the arms a little bit.,5,1,General,Dresses,Dresses
171,605,33,,"The are so comfortable, flattering, and i feel i can wear them with a lot of styles: dress them up or down, it all looks good. great product! make more like this please!",5,1,General,Bottoms,Shorts
172,862,44,Cute and different,"Love this top! i've worn it once and received several compliments. i'm 5'7"", 127, and the small fit well. i'm happy with my purchase.",5,1,General,Tops,Knits
173,834,29,"Excellent, comfortable, dressy or casual","I'm in love with this top! i usually wear a s/m or 6, and the size 6 fits perfectly. the cut is very flattering and i love that the sleeves can be worn rolled up and buttoned or down (and when they're down they hit right at the wrist, not too long or short). it's lightweight and comfy, but looks really pulled together. i can see myself wearing this both with ripped boyfriend jeans and sneakers and with dress pants and a blazer. a great transitional piece.

i only wish this came in solid white (o",5,1,General,Tops,Blouses
174,1056,71,Staple,"My favorite pants, casual and a bit dressier by changing my top. comfortable, classic, well made",5,1,General,Bottoms,Pants
175,525,36,Great fit,This is really a nice piece. briefs have nice coverage and more of a hipster but you can also easily pair the top with just black briefs. i only sent it back because the tankini style pushed up my love handles and didn't look quite right but for many others it would work nicely.,5,1,Initmates,Intimate,Swim
176,867,39,Fun and unique!,Fun blouse for spring with enough details to make it unique and dressy. very comfortable fit. banded bottom which is loose enough to still be comfortable. dresses up a pair of jeans quite nicely!,5,1,General Petite,Tops,Knits
177,1079,50,"Beautiful, but poor fit","I loved this dress the moment i saw it, pre-ordered it, but when it arrived the fit was off. 
i am almost always a size 4p in retailer clothing, this fit wonderfully everywhere, except the shoulders and chest were very small. i am 5'2"" and 120 lb with a small bosom. (a cup) the shoulders were too tight and the chest gaped and sadly i had to return this dress.
i may try to find it in the store to try on multiple sizes for the right fit.",4,1,General,Dresses,Dresses
178,828,50,,"I have been searching for the perfect white shirt. this is it! i love how the collar lays and the longer length and frayed hem are perfection! the fabric is super soft, too. i am very pleased with this purchase!",5,1,General,Tops,Blouses
179,870,35,,Matronly and unflattering. i think this may work on a very tall and slender body type.,2,0,General,Tops,Knits
180,1009,25,Not worth it.,"While i love the fabric and the pattern, this skirt leaves too much to be desired. the full price is absurd considering what you get.
there is no mention online that there is no built in slip, and as the material is extremely thin a slip is an absolute must. (see attached photo.) even in dim lighting you can see straight through. 
also for this price point it is strange that the skirt is 'pull-on styling.' i would say that it is true to size, and i am usually a medium @ retailer, but i have a sm",1,0,General,Bottoms,Skirts
181,117,52,Fabulous,"Received many compliments the first day i wore them.. amazing fit. disagree with the other post. the
quality is amazing. i wish they had other colors. bought xs",5,1,Initmates,Intimate,Legwear
182,940,45,Love!,"This is a very flattering / soft sweater. the pockets make it so much cuter & do not make me look ""thick"". highly recommend!",5,1,General,Tops,Sweaters
183,949,36,Love this sweater!,"I'm glad i checked out the reviews before purchasing - i went a size smaller and the sweater fit perfectly! i love the taupe color - it's feminine (not overtly so) and i can still use it as a neutral. the quality is really quite good, though i would still suggest keeping metal accessories (without smooth edges) away from the fabric. it's also not too heavy so i can still wear this despite the heat and humidity in honolulu. 

i think the only thing i would consider changing would be the materia",5,1,General,Tops,Sweaters
184,875,57,,"Love this tee! the fit is true to size, and very flattering shaping. not too tight, not too baggy, good length. i love the stitching detail on the top. the material is thick enough that you are not forced to wear a cami under it. my only concern is that it says to hand wash, dry clean acceptable. i have had some bad luck with retailer tops shrinking. i'm not going to risk it and dry clean it. normally i would not want that expense or hassle.",4,1,General,Tops,Knits
185,868,33,I really like it,"This top looks great with a long straight skirt (the grey with a black skirt....) and skinny jeans. i can understand why the style might not work for everyone but for me it's a perfect blend of elegant and funky. i'm sometimes a medium sometimes a large and the medium work well for me, so if in doubt size down",4,1,General,Tops,Knits
186,857,44,,"I liked the design and the shirt did fit well enough, but the thin fabric does not justify the price. it looks like it will get holes in it after a wash or two.",2,0,General Petite,Tops,Knits
187,360,37,Way better in person,This is a must have! way cuter in person. love the look and feel. it runs large so size down. it's more cream than white,5,1,Initmates,Intimate,Lounge
188,1020,34,Cute and comfortable,I found this fit tts for me. i'm normally a 10/12 and took a 12. fit and length are great. the fabric felt substantial and the colors are soft.,5,1,General,Bottoms,Skirts
189,831,37,Adore! fancy!,"I love this top, it is a very soft material and it looks very classy.. i have worn it with a skirt for work and skinny jeans. i have a bigger bust and i wear a small, it is true to size. very classy!!",5,1,General,Tops,Blouses
190,1126,52,Wanted to love this,"I had my eye on this coat for so long. when i saw it was on sale and an extra 30% off i decided to go for it. i ignored the reviews that said it ran big and took a chance and sadly it did not pay off. this jacket is very heavy so if you are going to get it on sale, it will probably go into the closet for next winter. it was very boxy on me and tied at the waist, made my upper half look huge. it was just not flattering at all. the heaviness of it also made the big open neck a little annoying and",4,0,General Petite,Jackets,Outerwear
191,419,53,Nice light weight pajamas,"I just purchased these pajamas on-line and they are very pretty in person. i found them to be tts in my usual size small though a bit on the long side as i'm only 5'4"". i don't mind a little extra length though because these are just to lounge/sleep in. i think these soft pj's will be great during the warmer months as they are very light weight and comfortable. you'll absolutely love the print on them and wish there was a matching top!",5,1,General Petite,Intimate,Lounge
192,1030,45,"Nice, but still on the fence","I was lucky enough to get these on sale with an additional 40% off, making them a fabulous deal. they are nicely made, and the shade of blue is very pretty. my only complaint, and the reason i'm on the fence is that they are so big. i usually buy a 31 in the ag stevie jeans, occasionally a 32, so i figured i'd be safe sizing down to a 30. wrong. i could have gone to a 29, and possibly even a 28....they're that big! i do like them though, and may just try shrinking them in the dryer.",4,1,General,Bottoms,Jeans
193,155,35,Comfortable leggings,"These are perfect with a long tunic for the weekend to run errands! they are not tights-like in the sense that there's full coverage across your bum -- no accidental flashing of anyone. they're not itchy either. i bought these in brown, and want to buy the rest of the colors available!",4,1,Initmates,Intimate,Legwear
194,1086,39,Pretty pleasing,Very pleased with this vibrant and colorful sweater dress. the color combinations are very beautiful and it seems as if the threads used have an inherent shimmer. the fit is body skimming without highlighting trouble spots. i am a m/l on top and a s/m on bottom and the size medium fits perfectly. the cut adds the illusion of proportion to my disproportionate body. there are some problems but workable: slip is sewn-in which i wish was detachable; the scoop neck is too low for my 36ddd bust; weave,5,1,General,Dresses,Dresses
195,1195,38,No thanks,"I tried this dress on in store. i loved it online, but in person....not so much. it looked and felt like a cheap halloween costume. the fabric was bad. really bad.. the mustard color was beautiful.... boo",1,0,General,Dresses,Dresses
196,1078,23,The most darling little dress!,"I bought this dress as soon as i received the retailer catalogue. i rushed to the store because i absolutely fell in love with it. when i tried it on, i went a complete size down. i'm usually an 8, but i snagged this beauty in a 6. the top part really does run larger, so unless you have really broad shoulders, you'll need to size down. the sleeves hit my arms at a nice place, and the little tie in the front is awesome, because not only is it an interesting detail, it can be loosened or tightened d",5,1,General,Dresses,Dresses
197,1104,29,,"I got a small (5'9, 135lbs) and it fits great! it is super comfortable and also looks really good on.",5,1,General Petite,Dresses,Dresses
198,275,34,Like wearing a hug,"This wrap is awesome. soft material, perfect length sleeves with thumb holes (!), and warm, great for layering.",5,1,Initmates,Intimate,Lounge
199,909,43,Beautiful but not for those who are short waisted,"I saw the orange/tangerine colored version of this sweater and loved it. it looked beautiful on top. the chiffon material at the bottom of the sweater is a lovely detail. sadly, the bottom portion of the sweater made my hips look huge and i felt i looked pregnant. i weigh 111lbs. i am petite and small boned. i think it was because i am short waisted that this style did not suit me. i wish i could look good in this! it is absolutely exquisite in color and texture.",4,1,General,Tops,Fine gauge
200,862,55,So verstile,I wear this top with jeans or cords. i allways get compliments. it's comfortable and versatile. go down a size!,5,1,General,Tops,Knits
201,864,46,Pretty lace detail,"I consider myself fairly busty (34 d), but i didn't have any problems wearing my normal size small/medium.....i actually went with the small. the lace inset doesn't give, but it wasn't tight at all. i love the flow of the blouse....it is going to be a great transitional piece into fall!",5,1,General,Tops,Knits
202,1095,30,Size up,"This dress is everything i imagined it would be. lightweight, flattering on my hourglass shape, and comfortable. i am a true 4p in retailer dresses (5'4"" 32d, 27 inch waist, 28 denim size) and purchased this dress in a 6 regular. i imagine the petite size would be way too short, as the regular size hit about 3 inches above my knee. might be a problem for taller girls. definitely size up on this one to avoid button gaping.",5,1,General,Dresses,Dresses
203,872,37,Amazing,This shirt looks and feels fabulous. i got black and white and received a ton of compliments. wore with boots and leggings and fun jewelry.,5,1,General,Tops,Knits
204,252,36,,Ordered the navy and aqua in medium. the aqua fit a lot tighter than the navy seemed to be a different fabric and less stretchy. loved the color on both but returning the the aqua. normally wear size 6,4,1,Initmates,Intimate,Swim
205,916,47,Unique,"When i first received this sweater, i was a little worried about the bulk, especially the thick cables and popcorn stitches. after i got it on and adjusted it to all the right places, i would say it looks similar to the model in the photo. i did not find it itchy. the yarn is soft and airy but i guess it depends on how sensitive your skin is. the length was low hip on me and i'm 5'9"" tall. overall, i'm very pleased and looking forward to wearing it. can't speak to the quality of the garment beca",4,1,General Petite,Tops,Fine gauge
206,1068,53,Buttons at top break too easily,"Let me start off by saying that i really, really wanted this jumpsuit to work as it looked good on me and was tts (got a 6p). unfortunately, it didn't work out due to the two buttons at the top which break way too easily. i had to return it and exchange for another jumpsuit but it did me no good as the second one did the very same thing so i didn't even bother trying it on. the buttons broke through before i even got the chance as the material is far too thin and the back of the buttons just pop",2,0,General Petite,Bottoms,Pants
207,860,44,Cute cut but a little thin,The cut of this top is cute. it's a great basic t with a little flare. it's pretty pricey given that the fabric is so thin.,4,1,General Petite,Tops,Knits
208,1083,35,Flimsy,"I love byron lars dresses, and this design is on-point. the ruffle at the neckline is so pretty, and the dress fits like a dream. however -- the fabric!!! i would have loved it if this dress had a heavier feel. this is, sadly, going back today.",2,0,General,Dresses,Dresses
209,862,51,Really pretty and feminine,"I love this blouse. it reminds me of something out of europe with the swiss dot and crochet delicate sleeves. i ordered the xsp and it fits perfect. i'm 4' 11"" so the shortness of the top isn't a factor. the material drapes nicely and doesn't make me look wide or boxy. i was afraid that the sleeves were going to be overly puffy put luckily they are not. the only thing to note is that the color is more on the tan / beige side rather than pink. i find with a lot of retailer tops that the colors are",5,1,General Petite,Tops,Knits
210,815,34,,I bought this top in my usual size in a small. i'm a 34 d 26 waist. i absolutely love it. i pair it with a red cardigan. very cute.,5,1,General Petite,Tops,Blouses
211,936,44,Super comfy,"Warm, asthetically pleasing and super comfy. i love the combination of style and comfort together. this sweater is a must have.",4,1,General Petite,Tops,Sweaters
212,300,40,,"This tunic is a casual, comfy yet stylish piece that is a great addition to my wardrobe. the only thing i find might be an issue is the thin material. i tried wearing a tank top under it but the material is too thin and the outline of the tank was too noticeable and looked odd. removed the tank and all was good! pairs great with leggings",5,1,Initmates,Intimate,Lounge
213,1078,58,,"I personally love this romper. there's a lot of fabric to it, so it feels lush and substantial. and the pockets! they're so roomy i actually couldn't find my phone for a hot second. the crotch of the legs (because, yes, this thing is actually pants) is very long and so i was very comfortable sitting.

the two things i don't love about this piece include the downfall of all rompers imo: not bathroom-break friendly. you basically have to disrobe. and since the legs are so long, you end up clingi",3,0,General,Dresses,Dresses
214,872,39,,"Love this shirt! looks great with a pair of black work slacks or with jeans. very flattering with the banded hem, and the material is soft.",5,1,General Petite,Tops,Knits
215,871,53,"Love the color & style, but....","I ordered this in the mauve and it's a really pretty lilac color. unfortunately, the fabric is very thin and you can see your bra right through it. my usual size fit great in the shoulders and bust area, but goes downhill from there. the top is cut wide under the armpits and just hangs funny in front. based on the model picture, i thought this would be a little more form fitting in the front. it's also very long. completely covers my butt in the back and then some. could of been a beautiful tank",3,1,General,Tops,Knits
216,1095,32,Confidence-booster!,"I'm pear-shaped so my inclination is to always grab an a-line/fit-n-flare style dress or skirt. but for some reason this stood out to me and i'm glad i tried it on. i love this dress! i'm 5'9 with a longer torso and this still went down to my knees so it definitely works for taller girls. the cut is so flattering and, along with the thicker material, it gives me more of an hourglass shape that enhances my curves instead of making me want to camouflage them. i got my dress in a size 6 and it's tt",5,1,General,Dresses,Dresses
217,864,31,Cool shirt,"This shirt is boxy. but, as the pictures clearly shows, that is the design of it. if you know how to style outfits, it's a great buy. i really like it. i'm tall and slender, so it's a bit easier for me to pull this off. the design and color are just really neat. really cool shirt for the fall.",5,1,General,Tops,Knits
218,965,33,Not a jacket.,"I didn't receive a jacket. i received a very expensive cardigan sweater with no structural qualities to it. jackets have some structure to them. for example they might nip in at the waist a bit. this cardigan doesn't do that. it hangs in a very boxy shape. the quality is great. very light weight and i really love the little pockets and details, but i don't need/want another cardigan. 

i'm 5'5"", 118 lbs and got a small. the small seemed big, but i think it would have fit fine if it had more st",2,0,General,Jackets,Jackets
219,1020,61,I love this skirt!,"I saw the skirt on a display today at my local store. i was attracted by the colors and the display itself. my thoughts, "" give it a chance"". i bought the size 10 without even trying it on, with the idea that the colors and style had so much potential, i am so pleased with this skirt! the fit is true, although if you like a higher ride on the waist, i would size down. the fabric has just the right amount of stretch to make it super comfortable. i had so many staple items in my wardrobe that i wi",5,1,General Petite,Bottoms,Skirts
220,1059,49,Very comfortable,I love these pants. i saw them and had to have them. i love the classic plaid style and have always loved the blue/green combination. i purchased the fisherman sweater and saw these pants and new it would be a hit. get compliments on this combo all the time.,5,1,General,Bottoms,Pants
221,1081,33,Comfy dress with plenty of compliments,"I am 5'4"", 145 pounds, 34dd and ended up with the size small for reference. it fit well but definitely roomy - in case you're not into that style. never tried the extra small, but i would prefer this dress not to hug onto me so i stayed with the small. 

this dress was really nice and comfy, soft material. the pockets are low and my phone stayed in while i walked but i wouldn't recommend anything heavier than a phone to go in the pockets. 

i wore this to a family and friends function and re",4,1,General Petite,Dresses,Dresses
222,1078,39,Gorgeous silk pattern,"Everything about this dress is perfect for my body type.  i used the tie belt as a cinch to gather the fabric and made the silhouette into a loose fit & flare.  i have a large upper body and small lower half so maybe the excess fabric balances out my body but looks terrible on other shapes.  i am 36dd 140# 5'3"" and i purchased the medium petite.",5,1,General,Dresses,Dresses
223,1056,35,Versatile,"I just love all pilcro pants. they are great for any occasion, any type of weather. i am 5'5"" 125 lb. and i wear a 27 in all pilcro pants and they fit perfectly. only bummer is that i have to iron them, but they iron easily. length of these pants is just a tad long, but i can wear wedges with them and that solves the problem.",5,1,General,Bottoms,Pants
224,1059,54,Wanted to love these but didn't,I sized up based on other reviews which was good advice. i am typically a size 6 but sized up to a 10. the pants are very unique and i think on the right body type would look amazing. it seems like someone with curves and a small waist might fit these splendidly...but that's not me. i had some extra material puffing about in the zipper region. i also expected the material to be thicker but found it to be more silky.,3,0,General Petite,Bottoms,Pants
225,1098,34,Beautiful dress!,"I have had my eye on this dress since the spring (in yellow), but it sold out quickly. i jumped on this dress as soon as i saw it come out in different colors this fall! i purchased the peach color and it is really lovely. i will be wearing this dress for family photos. the lace and the details are so very pretty! i am usually a size 0 or 2, and purchased in size 2 since there is no stretch to it. it is a beautiful dress and i highly recommend it! wish it came in white!",5,1,General,Dresses,Dresses
226,1110,39,Fun and flirty,"So pretty, love hte design on this one.
i tried on hte regualr size, adn will not need a petite, it hit me jsut above my knee. younger gals may oprefer shorter, however.

the aottern is also nice. the cut is flowy and flattering, nothing bad to say about htis dress...",5,1,General,Dresses,Dresses
227,841,35,Does not fit as expected,"Note to photographers: please don't cinch the wait of a blouse to make something look tailored when it isn't. this could have been a real win if it had been more simply executed. i'm petite, way too much fabric. returned.",2,0,General,Tops,Blouses
228,830,35,Super cute summer top!,"I just got this top in the mail and love love love it! i thought it was on the pricey side for a shirt, but couldn't help but purchase it full price because i love anything pineapple print! the metallic print is cute and chic from day to night. i also love the open shoulders, making this design different and perfect for summer. i'm only sorry that i didn't see this top online until i already returned from my vacation in maui! very comfortable and easy, worth the price!",5,1,General,Tops,Blouses
229,1094,22,,"This dress! the picture doesn't do the dress justice. its so beautiful, well made, and unique. lots of beading and detailing for the price. i'm super happy with my purchase !",5,1,General,Dresses,Dresses
230,661,64,I'm wearing it as a top!,"I bought this in the store so i didn't know that it was actually a sleep chemise. i kind of wondered if it was supposed to be a super-short dress but the salesgirl said that it was a top so i tried it on. the price is shocking but i'm a teacher and this month (july) teachers get 15% off so that helped a little bit. when i tried it on, i absolutely loved it. maybe i look like a cupcake but i'm a very happy cupcake with tassels dangling from my sleeves! who doesn't love tassels?! this is just a ve",5,1,General Petite,Intimate,Lounge
231,877,59,Not that great,"This top is on the boxy side but the design is cute and i love the pink color. the problem i had with this shirt is the huge arm holes. one side you could see the top of my bra, the other side was below the side of my bra. you could also see the inside back of the shirt through this arm hole, it was that big. this went back, will not re-order. i usually order xs or xsp, this was an xsp.",2,0,General Petite,Tops,Knits
232,872,52,Flirty,This was a nice surprise because it's a thick sweatshirt type of fabric. don't be deterred! it is nothing like a sweatshirt. it's comfy like a sweatshirt though. i'm 5 feet tall 120 pounds. i ordered my usual size petite small and it fit perfectly. what little height i have is in my torso. i didn't find that the top was short at all. it's without a doubt tts. order your usual size. if you have a tummy or bootie this top is the ticket! the description on the fabric details that the other reviews,5,1,General Petite,Tops,Knits
233,867,72,Great look,Got for a mother  day gift.  think  she will like it because she always at the beach and is very happy go lucky new mother.,5,1,General,Tops,Knits
234,829,67,Must try on to appreciate.,"The first time i saw this in the store i passed it by because the fabric didn't appeal to me .... but the second time i tried it on and fell in love .... had to have it in the beautiful blue.  i'm busty 32h but wear a small and the gathers do wonders to camouflage, which was a nice surprise, because i usually avoid anything with fullness.  will look great with white or black jeans but i will also pair with a very subtle pattern legging as the length is perfect.  i'm short, 5'3"".  neckline is fem",5,1,General,Tops,Blouses
235,1035,27,Most comfortable fit ever,"I love pilcro script jeans. the rise is super comfortable and the fabric stretch is perfectly flattering without being too tight. the wash is great. from the pictures, i didn't realize this pair had the fringed bottom rather than the hem, but they cuff easily if you want to hide it. plus, with boot season approaching, i think it will make boots more comfortable without the bulky hem. i wish they would make this cut with all of their products - would love to see a pair of cords or dress pants!",5,1,General,Bottoms,Jeans
236,903,56,Love this lightweight cardigan!,"I bought this duster in the blue color and really like it. i am 5'11"" so love the longer length. the large was too wide so got the medium. the sleeves were a little snug on my upper arms but after wearing it for awhile they loosened up. i think i will get the white too!",5,1,General,Tops,Fine gauge
237,935,35,Poor quality,"I ordered this cardigan on sale and it was a wonderful fit and color. just the light sort of cute pullover i was looking for to keep and wear at work. unfortunately, it is poorly made. i wore it once and it already started to fray and fall apart. after closely inspecting the cause, i realized that the threads in the sweater are not fully sewed together, so the minute you put it on, one will start to unravel leading to a domino effect. it is a shame because the design and cut were truly a great f",2,0,General,Tops,Sweaters
238,906,38,,The perfect cardigan for transitional seasons! i live in southern vermont and i can already tell this cardigan will be in heavy rotation during the summer to fall and spring to winter transition times. has such a cute back detailing that gives you a break from your common cardigans. great quality. i'm 126 lbs 5'4 and i got the small petite and is perfect if you want it to be slightly loose but not swimming in it!,4,1,General Petite,Tops,Fine gauge
239,1095,44,Nice fit but there are issues,"I am 5'2"" and i typically wear a 2 or a 2p. lately i've been finding that petite is just a little too short to wear with wedges so i often order a 2 as i did in this dress. it fits well and it's flattering. my two complaints are that it gets wrinkly fast and looks sloppy. yes, linen is a wrinkly look and that's normal for linen but somehow this dress just looks sloppy to me. more importantly, while wearing for the first time, i realized that the seams on the side were very lightly sewn and there",3,0,General,Dresses,Dresses
240,867,34,Incredibly unflattering,I ordered this in blue and the color is absolutely gorgeous! i really loved it until i put it on. wow it was bad. i ordered a small--normally a sm/med due to bust but this was so wide and had so much material. it wasn't long but rather incredibly boxy. one of the most unflattering things i've ever tried at retailer.,1,0,General,Tops,Knits
241,377,21,,"I got one of these tanks, and went back and bought two more online. i have the gray, green and white. the white requires a undershirt for me, but that's no problem. the shirts are darling, they're under activewear and i think they could be used that way, but i definitely don't. they're simple but have a nice flow, and the front and back are perfect. i love the material and the colors. i would buy more if there was more in more natural tones, i don't love bright colors but i love the green, white",5,1,Initmates,Intimate,Lounge
242,1092,38,Beautiful dress but very large,"This dress is beautiful and unique - the cutouts and lace really stand out. however, the dress was huge on me and that is rare with moulinette souers. i usually get a 0 or 0p in this brand due to the bust sizing being generally smaller but the 0 regular was huge and the armholes really big. the petite may have been better but felt that it would have been too short. while the design is beautiful, there were several areas on the dress where the threads were unraveling. for reference, i am 24 waist",2,0,General Petite,Dresses,Dresses
243,940,78,Welcome back,Has it been 5 years already. i too bought this 5 years ago. it peels and doesn't close but the horses make up for that. very very warm.,4,1,General,Tops,Sweaters
244,829,31,"Love the colors, not a fan of the side slit","Loved almost everything about this top. the colors are great, comfortable fit, but the length was a little too long for my 5'4 frame. i also wasn't a big fan of the large side slit. i would still recommend this great top.",3,1,General,Tops,Blouses
245,1020,36,Great wardrobe staple,Adorable skirt. thought the a-line and length were great. 5'4 and 135lbs. went up a size and it fit perfect. can dress it up or down. really happy with this wardrobe staple.  not too stiff denim of so moves well and feels comfortable.,5,1,General Petite,Bottoms,Skirts
246,872,44,,"This is a great shirt that goes with everything. it's super sexy and i have to say....the girls look great in it! i bought the black first and went back for the green. the quality of the shirt is great...not cheap and no smell, at least not in my experience,  like was mentioned by another reviewer. i can't say enough about how cute this shirt is!",5,1,General,Tops,Knits
247,1072,44,,"This dress is one of my recent faves from retailer. the fit is great. i'm 5'8"" and 145. i ordered the small and it's perfect.",5,1,General,Dresses,Dresses
248,1078,61,Enormous,I ordered a size 0. the dress was extremely large. i am 5'2 and weigh 110. i guess you really must be 5'9 like the model to wear this dress. such a shame..,3,0,General Petite,Dresses,Dresses
249,836,44,Subdued sexy,"Surprisingly flattering on, especially with pants/jeans. extremely figure flattering because it enhances the figure and hides flaws: the pleating enhances the bust, the v-cut provides a touch of a peekaboo (not enough to show cleavage but it's there in a super flattering way), the hem flares out a bit to hide the tummy and enhance the bust even more; the short sleeves are versatile so it can be worn in the office, under a jacket, or just plain for going out. the material is not too thick but not",5,1,General,Tops,Blouses
250,215,56,Wonderful cozy feeling,"Absolutely love these leggings - warm, comfortable - great way to relax after a long day? snuggle up in these...do stretch even longer after a while, but wash and wear again is easy - even wear out of the house...bought in green and love how well they go with sweaters, shirts, etc. -",5,1,Initmates,Intimate,Legwear
251,826,36,Fun top,"This top is cute. i got the mint coloured one and like it. with that said, the sewing however is a bit off. the bottom of the top is angled. there is no mention of that in the description so it is safe to say it is not part of the design. it is not tremendously noticeable,  but i noticed it. i will still keep this top, coz i can camouflage that defect with a cardigan.  it is sheer, so if you are wearing it for work without cover, a camisole would be required or a nude bra. i am 5'0"", 109lbs, and",4,1,General,Tops,Blouses
252,985,52,Great wool look but didn't hang well,"Loved the look of this wool and so well made! problem was it literally would have been better on a bed as a blanket than on my body as a blanket coat. just overwhelmed me and didn't look good. i'm 5/9"" and 160 lbs so i'm no shrinking violet just too heavy of fabric.",3,0,General Petite,Jackets,Jackets
253,1078,43,Adorable!,"Was so glad i gave this dress a chance - it's adorable! it does run large. i am 5'6"", 125lb and the 2 fits perfectly. it is super comfortable. i am taking away a star only because it doesn't have pockets - with all of the fabric - how were pockets left out?",4,1,General Petite,Dresses,Dresses
254,820,44,Returned,I got the blue. it is very short. one side of the shirt i received was shorter that the other. the material feels cheap and pleats out a bit right over the bust - only flattering on small busted models.,1,0,General,Tops,Blouses
255,964,37,Great jacket,"Ordered this jacket in the holly color thinking it would be brown per the photo but when it arrived it was more olive green. it is a beautiful, well-made jacket but i already have two olive green jackets?don?t need a third. if they bring this jacket out in brown i will definitely order. i order the xs and it fit perfectly.",5,1,General Petite,Jackets,Jackets
256,1008,33,"High quality skirt, great price!","I couldn't be happier with this skirt! i was expecting a jersey-type material, but was pleasantly surprised by the thicker, textured, higher quality material. the ruffle on the front is such a cute feature. this skirt moves and flows very nicely when walking. it is lined and has an elastic waistband, it's super comfortable. so far i've paired it with a bright red knotted tee and a sheer white sleeveless button-down. i receive compliments every time i wear it! i'm 5'2"", 110 lbs, i ordered an xs a",5,1,General Petite,Bottoms,Skirts
257,864,31,Buy!,"Very flattering fit. a little billowy but i'm okay with that because it hides my stomach. have to wear a camisole underneath as you can see through the lacey parts. overall i love the shirt design, fabric and fit.",4,1,General,Tops,Knits
258,1059,62,Not for my body type,"I own the essential slims and love them, so i figured i could order these in my normal size and they'd fit great. i was way off. they were uncomfortably tight in the calves (which is understandable - i'm a runner so my calves are disproportionately large) and uncomfortable in the waist. i decided to order one size bigger and pretty much had the same problem in the calves. the high waist was also still unflattering and uncomfortable. these might be great for hour glass shape with skinny calves. t",3,0,General,Bottoms,Pants
259,1094,39,Just say yes!,"This dress is lovely. the embroidery is beautifully done and with bright colors. the material is sturdy. the fit is overall true to size but slightly small through the bust. the length is several inches above my knees and i ordered the 6 regular even though i am only 5'4"". the pockets are a bonus!",5,1,General,Dresses,Dresses
260,984,63,Great little jacket,"I have not written a review for an retailer item in a while. i have been shopping at retailer for over ten years. in the past two years the clothing i have purchased has been disappointing in style and quality. but not this little pilcro jacket. great quality, perfectly proportioned, great understated details. many thanks retailer for restoring my faith.",5,1,General Petite,Jackets,Jackets
261,886,43,Perfection,"This top is soft, flattering, modest enough to wear to work, but subtly sexy (and i'm amply endowed at 36d). i just wish i'd gotten one in every color.",5,1,General Petite,Tops,Knits
262,823,33,Darling top,Love this top! off the shoulder fits great! little extra room around the torso than i'd love... but still absolutely in love with this top! the black lace detail on the bottom is amazing! love the colors for fall! ordered a small and i'm 5'9 138lbs and i ordered a small,5,1,General,Tops,Blouses
263,1009,40,Darker colors then pictures,"The picture makes it looks like it has rich brown yellow and orange colors. when it came, it was more black with some orange that popped. much different then i expected. the material was nice and silky but i was not willing to keep something that was dry clean only. i sent it back.",3,1,General,Bottoms,Skirts
264,936,34,Love this lightweight coat!,Wear the collar down & it favors grace kelly. pull it up and it's an oversized hood. this lightweight cozy piece combines everything i love about a sweater & a coat in one.,5,1,General,Tops,Sweaters
265,834,42,Love at first sight!,This top is so good i bought every. single. color. i sized up for more flow but it does run true to size. this is that sweet little summer top that we all long for!,5,1,General,Tops,Blouses
266,850,30,Perfect summer blouse,This blouse is perfect for a summer afternoon. it;s very light and the v neck back on it is super cute. the coloring is amazing. it's hard to find anything with those two colors incorporated. looks perfect with jeans or shorts and can be dressed up or dressed down. i am a solid 12 in everything...tops and bottoms and this shirt was no differemt. i like it a little loose so i went with my normal size but i am sure i could have gone down to a 10 as well. don't pass this up. it's a lovely lovely to,5,1,General,Tops,Blouses
267,1111,23,Adorable...!!!,"Super cute dress, the material is not what i expected. it's stretchy and the slip is tight fitting too. the look is super cute though!",4,1,General,Dresses,Dresses
268,865,38,Beautiful but delicate,"This blouse runs large, billows out slightly, and hangs in a boxy straight way. i'm normally a medium but can probably wear a small in this blouse. the blouse is lined with a light-weight material but i can still see through it just a little bit. although very pretty, the blouse can snag easily so be careful when wearing. regardless, i plan to return for a small because this blouse is beautiful and unique. perfect for fall with its warm colors or summer because it's light weight.",3,1,General Petite,Tops,Knits
269,243,47,"Beautiful, lightweight lounge pants","These pants are just as beautiful in person as on the website. the fabric is luxuriously soft. two things to note: they are very lightweight jersey material, and they run a bit small. if you're in between sizes, you might want to size up. it's possible they'll stretch while wearing. i also wish they had pockets, but they just have a one small back pocket that's not sewn down and seems made for perhaps a tissue but nothing else. all of these ""flaws"" are made up for by the fact that these are abso",4,1,Initmates,Intimate,Sleep
270,1104,34,Great dress for many occasions,I was very happy to snag this dress at such a great price! it's very easy to slip on and has a very flattering cut and color combo.,5,1,General Petite,Dresses,Dresses
271,850,56,"Beautiful spring blouse, but 16s sold out in feb.?","I saw this gorgeous blouse in a store over dark blue jeans on feb. 19. of course, the store stock only went up to a size 12. typical. with the way the 12 fit, i knew i had to size up from my usual size 14, and i did. i ordered it in a size 16, and it arrived on monday, feb. 22 -- with lightening-fast speed. it is breathtaking and fits wonderfully. i like the top button undone, the buttons are gorgeous, and the blouse is very retro, circa 1973, but you definitely have to go up one size. the only",4,1,General,Tops,Blouses
272,836,66,A bit underwhelmed,"I hoped to love this based on the prior review, but i didn't. it's a beautifully crafted top but the print didn't look good on me. and although i grabbed during the sale it's too expensive to keep when it's not perfect.",4,1,General Petite,Tops,Blouses
273,107,30,Gorgeous,"Bought this dress as a winter dress. it looks amazing, and even more so with some boots. love it. also, its more gray than blue, although i like that.",5,1,Initmates,Intimate,Sleep
274,636,26,Cute cover up,"I bought this as a swimsuit cover and it was exactly like the picture. so soft, very good quality, fit perfectly. definitely worth it for this price!!!",5,1,General Petite,Intimate,Lounge
275,941,82,Great sweater!,"This sweater is beautifully made from quality yarn. if you are between sizes, you might want to order a size down. i usually fit between a size m and l, depending on the brand. in this sweater i took the medium, but i am debating returning for a small as i would prefer a petite length and the sweater is slightly wide across the upper back. i'm hoping it may be restocked as i would buy this sweater again.",4,1,General Petite,Tops,Sweaters
276,1037,47,Fit issues!,"So these look so good online - i love flare and the button detail. however, on me, they were very long (which i knew) but too thigh-hugging for my taste, and the buttons looked cheap (i ordered the tan color). thus, back they went. for reference, i am 5'5"" and 125# and ordered the 6.",2,0,General,Bottoms,Jeans
277,984,34,Casual and comfortable,Love this blazer. you can wear it with anything. fits well and lightweight. perfect for south florida.,5,1,General,Jackets,Jackets
278,838,47,Runs large,"The top is a pretty and has a nice pattern. it does run large and is it a bit billowy. i am 5'4 petite and ordered a small ( maybe the xs would have been better). however, the top swallowed me up and was unflattering. the colors are true to the picture..not very bright, but would be a nice transition to fall top.
the feel of the blouse was nice and maybe if i was taller and ordered a smaller size it would have been better.",3,1,General,Tops,Blouses
279,936,39,Great sweater,Love this pullover for its versatile style (can be buttoned or unbuttoned) and easy care look. it's casual without looking sloppy. the weave is a bit open work and can easily complement a cami or a thicker top without making me look like a stuffed sausage. the hi-lo hem on the model shots do not look that way irl. the hem is straighter. soft nubbly texture that may snag easily. got this in red and brown but wanted the sold out green too.,5,1,General,Tops,Sweaters
280,1020,48,Small waist but nice,This brand generally runs small but really this skirt is exceptionally small in the waist. i usually take an 8/10 in retailer bottoms and i had to go up to a 12! i love the details and uniqueness of the skirt. i like the shape and very much my style in a skirt. fabric is soft . i waited for sale plus promo and it was then worth the purchase. it reminds me of an old school retailer style .,4,1,General,Bottoms,Skirts
281,840,73,On its way back to retailer,The print is very pretty but the fabric is stiff and it runs way too big.  looks great on the model but awful on me.,1,0,General,Tops,Blouses
282,1078,30,"Cute print, no shape",I was excited about this dress because i love the colors and print. the dress has no shape though and not in a good way. it's not flowy enough for the look of a shape dress but its not fitted enough to be flattering.,3,0,General Petite,Dresses,Dresses
283,974,48,Stylish jacket but runs small,"The only thing i did not like about this jacket was that i could not find it in my size before it sold out! retailer, please bring back another iteration for spring!",5,1,General Petite,Jackets,Jackets
284,1025,47,,Beautiful embroidery and good quality jeans. you can really dress up with these for special occassion.,5,1,General,Bottoms,Jeans
285,272,41,Beautiful,"I was a little bit afraid to purchase this because of the price, but i am so glad i did because this is a gorgeous swimsuit. the quality is amazing, and the colors are exactly as pictured. i have a small-ish frame with a big bust, and this style keeps my figure very flattering without making my chest look too big or heavy.",5,1,Initmates,Intimate,Swim
286,1081,21,Fantastic!,"I love this incredibly soft fabric , it's well designed and very flattering . i am 6' tall with a large bustline , dresses can be difficult as the waistline usually hits in the wrong spot . but not this dress ! it's hits the spot and the high-lo hemline flatters my legs ! bought this to wear to hawaii ,paired with a panama hat and a pair of flatform sandels .",5,1,General Petite,Dresses,Dresses
287,1095,30,,Unless you have the body of the model - tall and very thin and wear a really small size - don't even think about getting this dress! it's literally a heavy sack. it hit right above my knee in the front and basically mid-calf in the back. the material is nice but it's an awful shape!,2,0,General,Dresses,Dresses
288,836,53,Too big....,"This is a beautiful blouse but needs to be returned for size. i have lost a bit of weight; the last couple of blouses i have gotten in a m (including this one) have been to large for me. i am 5'5"" tall, 138 lbs and in this blouse need a s. the fabric is satiny and substantial with a gorgeous lining edged in contrasting thread., it hits at the top of my thigh in a regular size 8 but i should have ordered a 6. i would say to size down if you are close to being between sizes. the colors are as show",3,0,General Petite,Tops,Blouses
289,906,33,"Cute, but the quality is so-so","I like the design and the color of the cardigan (i got green). i like the details on the back. the cardigan is tts, the shoulder width and sleeves length seems perfect (for reference: 5'7"", 125 lb, got size s).

the problem for me is that the cardigan is not as long as it looks in the photos for the rose color; the pictures for the beige show the length more accurately. it may work for a smaller lady, but i like my cardigans a bit longer and cozier.

also, it is not just that the material is",3,0,General Petite,Tops,Fine gauge
290,867,36,"Really, really horrible, try again, retailer!","I had such high hopes for this top! the colors! the peplum! the ruffles! the price point! the fit was terrible, unflattering, and laughable! please try again with this one, retailer. you could have a real winner with a little tweaking!",1,0,General,Tops,Knits
291,1047,38,Perfect,I love these pants! waited for them to go on sale and totally worth the price. i wore them work and received numerous compliments. great for casual friday at work or sunday brunch with the girls. can't go wrong with antro!,5,1,General Petite,Bottoms,Pants
292,862,47,Must buy!,"This top is spectacular. intense and color soaked. i got bleu. super stretchy and comfy. the twisty part hugs and emphasizes your curves...even size 34a like me. the v neck is not too wide and low cut. it is narrower, close fitting and attractive. the seam in the middle thorax is a tad strange but it needs to exist due to the twist design. overall this top is cute, long and let's say men and women of all ages will enjoy it. it will make you beautiful on the outside and inside. it is not my usual",5,1,General,Tops,Knits
293,867,48,Super cute!,I had bought the pull over in the same fabric and now this zipper jacket style. so fun and love the texture. i waited for markdown plus promo and it was worth waiting.,5,1,General Petite,Tops,Knits
294,1081,26,True love,"I saw this in the retailer catalogue and knew i had to own this dress. everything about it speaks to me on a cellular level. the colour, the shape, the drape, the hem, !!!! and the little side stripes. be still my heart. i went into my local store and picked up the dress in xl and l to try on. i'm.... currently a new body shape because of too many burgers, a sports injury, and not enough cardio, so i figured i should size up for a moment. uh no. the xl was like a tent. fabric everywhere. i pulled",5,1,General,Dresses,Dresses
295,1087,55,No-brainer,"I saw this dress online first and suspected i would like it, but the price scared me away. then, while visiting in portland, i saw it on sale at an retailer store. when i came out of the dressing room to look in a bigger mirror the store clerk said, ""well that's a no-brainer!"" i thought the same thing. i love this dress so much i actually would have paid full price for it. it's super fun and easy to wear; i paired it with navy blute tights and suede ankle booties. i'm 5'6, 138 lbs and the m",5,1,General Petite,Dresses,Dresses
296,939,42,So comfy and stylish,"Love that it is light and very comfortable. i got both colors, the only thing is it's dry clean only. love that i got it on sale!",5,1,General,Tops,Sweaters
297,820,72,Much prettier in person,"I bought this top for my mom for christmas. i wasn't sure if she would like it, but it is really nice in person and she loved it. it fit true to size and can be dressed down, as it is on the model, or dressed up. i am so glad i decided to get this top. highly recommend.",5,1,General Petite,Tops,Blouses
298,417,51,Stretchy,"Love the length, cut, & placement of pockets. the stretch has positive & negative consequences, though. minuses: easily wrinkled, grow 2 sizes within the day. pluses: comfy, bendy, they're designed to be more of an active short, so the wrinkles & give are quite fine (they only stretch in unnoticeable areas). if we're to repurchase, i'd size down--but i love the bright color  & comfort so much i'm keeping these as is. (i'm a 6-8, should have purchased the 27's.)",4,1,General,Bottoms,Shorts
299,931,36,Bulky,"This was a splurge piece for my fall wardrobe. however, i will be returning it. it's extremely heavy and bulky. the collar doesn't lay right--it's tall so it wants to flop over but it's too bulky to fold and stay down. i went a size down and the sleeves are huge--wide and too long. it's not flattering on my figure--i have a booty but the sweater doesn't show curves at all. i also thought the colors were dingy, not bright like the photo. i think it would look good on someone tall and slender (als",4,1,General,Tops,Sweaters
